,gene,pvalue,effet
2867,ECH3937_v6b_ABF-0018914,0,Activation
3746,ECH3937_v6b_ABF-0020242,0,Activation
4250,ECH3937_v6b_ABF-0046648,0,Activation
4521,ECH3937_v6b_ABF-0047184,0,Activation
2163,ECH3937_v6b_ABF-0017878,2.22044604925031e-16,Activation
4198,ECH3937_v6b_ABF-0046528,2.22044604925031e-16,Activation
17,ECH3937_v6b_ABF-0014520,4.44089209850063e-16,Repression
2149,ECH3937_v6b_ABF-0017858,4.44089209850063e-16,Activation
3873,ECH3937_v6b_ABF-0020435,4.44089209850063e-16,Repression
4302,ECH3937_v6b_ABF-0046755,8.88178419700125e-16,Activation
4349,ECH3937_v6b_ABF-0046884,8.88178419700125e-16,Activation
152,ECH3937_v6b_ABF-0014797,1.33226762955019e-15,Activation
942,ECH3937_v6b_ABF-0016041,1.33226762955019e-15,Activation
1060,ECH3937_v6b_ABF-0016224,1.33226762955019e-15,Activation
2390,ECH3937_v6b_ABF-0018206,1.33226762955019e-15,Activation
4380,ECH3937_v6b_ABF-0046939,1.33226762955019e-15,Activation
377,ECH3937_v6b_ABF-0015126,1.77635683940025e-15,Activation
1837,ECH3937_v6b_ABF-0017399,1.77635683940025e-15,Activation
2899,ECH3937_v6b_ABF-0018959,1.77635683940025e-15,Activation
4474,ECH3937_v6b_ABF-0047105,1.77635683940025e-15,Activation
2182,ECH3937_v6b_ABF-0017912,2.22044604925031e-15,Activation
3345,ECH3937_v6b_ABF-0019633,2.44249065417534e-15,Activation
4110,ECH3937_v6b_ABF-0020771,2.44249065417534e-15,Activation
1856,ECH3937_v6b_ABF-0017428,2.88657986402541e-15,Activation
117,ECH3937_v6b_ABF-0014743,3.10862446895044e-15,Activation
1264,ECH3937_v6b_ABF-0016548,3.10862446895044e-15,Repression
529,ECH3937_v6b_ABF-0015464,3.33066907387547e-15,Activation
82,ECH3937_v6b_ABF-0014645,3.5527136788005e-15,Activation
3787,ECH3937_v6b_ABF-0020305,3.99680288865056e-15,Activation
1431,ECH3937_v6b_ABF-0016796,4.21884749357559e-15,Activation
3761,ECH3937_v6b_ABF-0020265,4.44089209850063e-15,Activation
3605,ECH3937_v6b_ABF-0020036,4.66293670342566e-15,Activation
1728,ECH3937_v6b_ABF-0017243,4.88498130835069e-15,Activation
4080,ECH3937_v6b_ABF-0020724,4.88498130835069e-15,Activation
4062,ECH3937_v6b_ABF-0020697,5.32907051820075e-15,Activation
1677,ECH3937_v6b_ABF-0017172,5.99520433297585e-15,Activation
2170,ECH3937_v6b_ABF-0017887,6.21724893790088e-15,Activation
4156,ECH3937_v6b_ABF-0020828,6.21724893790088e-15,Activation
3984,ECH3937_v6b_ABF-0020582,6.66133814775094e-15,Activation
3808,ECH3937_v6b_ABF-0020341,6.88338275267597e-15,Activation
850,ECH3937_v6b_ABF-0015912,7.54951656745106e-15,Activation
4132,ECH3937_v6b_ABF-0020797,8.43769498715119e-15,Activation
4248,ECH3937_v6b_ABF-0046646,8.43769498715119e-15,Activation
2693,ECH3937_v6b_ABF-0018654,9.76996261670138e-15,Activation
1657,ECH3937_v6b_ABF-0017142,1.11022302462516e-14,Activation
2608,ECH3937_v6b_ABF-0018526,1.15463194561016e-14,Activation
81,ECH3937_v6b_ABF-0014644,1.24344978758018e-14,Activation
1044,ECH3937_v6b_ABF-0016202,1.24344978758018e-14,Activation
2483,ECH3937_v6b_ABF-0018348,1.28785870856518e-14,Activation
549,ECH3937_v6b_ABF-0015488,1.46549439250521e-14,Activation
1444,ECH3937_v6b_ABF-0016814,1.53210777398272e-14,Activation
3962,ECH3937_v6b_ABF-0020555,1.55431223447522e-14,Activation
781,ECH3937_v6b_ABF-0015827,1.73194791841524e-14,Activation
3634,ECH3937_v6b_ABF-0020077,1.73194791841524e-14,Activation
4358,ECH3937_v6b_ABF-0046898,1.73194791841524e-14,Activation
2643,ECH3937_v6b_ABF-0018573,1.95399252334028e-14,Activation
2266,ECH3937_v6b_ABF-0018025,2.02060590481778e-14,Activation
1971,ECH3937_v6b_ABF-0017602,2.08721928629529e-14,Activation
4139,ECH3937_v6b_ABF-0020806,2.08721928629529e-14,Activation
766,ECH3937_v6b_ABF-0015802,2.59792187762287e-14,Activation
481,ECH3937_v6b_ABF-0015384,2.62012633811537e-14,Activation
747,ECH3937_v6b_ABF-0015773,2.66453525910038e-14,Activation
1663,ECH3937_v6b_ABF-0017153,2.66453525910038e-14,Activation
3511,ECH3937_v6b_ABF-0019909,2.66453525910038e-14,Activation
3772,ECH3937_v6b_ABF-0020287,2.75335310107039e-14,Activation
4475,ECH3937_v6b_ABF-0047106,2.8421709430404e-14,Activation
4045,ECH3937_v6b_ABF-0020674,2.99760216648792e-14,Activation
475,ECH3937_v6b_ABF-0015313,3.24185123190546e-14,Activation
2606,ECH3937_v6b_ABF-0018523,3.24185123190546e-14,Activation
4165,ECH3937_v6b_ABF-0020846,3.46389583683049e-14,Activation
1368,ECH3937_v6b_ABF-0016703,3.59712259978551e-14,Activation
3514,ECH3937_v6b_ABF-0019913,3.64153152077051e-14,Activation
689,ECH3937_v6b_ABF-0015685,3.79696274421804e-14,Activation
2133,ECH3937_v6b_ABF-0017835,3.81916720471054e-14,Activation
2385,ECH3937_v6b_ABF-0018200,3.81916720471054e-14,Repression
2573,ECH3937_v6b_ABF-0018483,3.81916720471054e-14,Activation
452,ECH3937_v6b_ABF-0015232,4.19664303308309e-14,Activation
2996,ECH3937_v6b_ABF-0019116,4.19664303308309e-14,Activation
941,ECH3937_v6b_ABF-0016040,4.35207425653061e-14,Activation
1717,ECH3937_v6b_ABF-0017228,4.39648317751562e-14,Activation
1901,ECH3937_v6b_ABF-0017503,4.39648317751562e-14,Activation
849,ECH3937_v6b_ABF-0015911,4.48530101948563e-14,Activation
2395,ECH3937_v6b_ABF-0018213,4.50750547997814e-14,Activation
230,ECH3937_v6b_ABF-0014917,4.52970994047064e-14,Activation
708,ECH3937_v6b_ABF-0015711,4.79616346638068e-14,Repression
1727,ECH3937_v6b_ABF-0017242,4.79616346638068e-14,Activation
1349,ECH3937_v6b_ABF-0016679,4.81836792687318e-14,Activation
2280,ECH3937_v6b_ABF-0018045,5.04041253179821e-14,Activation
4010,ECH3937_v6b_ABF-0020612,5.21804821573824e-14,Activation
2183,ECH3937_v6b_ABF-0017915,6.01740879346835e-14,Activation
1759,ECH3937_v6b_ABF-0017282,6.08402217494586e-14,Activation
2866,ECH3937_v6b_ABF-0018913,6.12843109593086e-14,Activation
1348,ECH3937_v6b_ABF-0016678,6.30606677987089e-14,Activation
1840,ECH3937_v6b_ABF-0017403,6.30606677987089e-14,Activation
1018,ECH3937_v6b_ABF-0016163,6.3948846218409e-14,Activation
4416,ECH3937_v6b_ABF-0046998,6.48370246381091e-14,Activation
4216,ECH3937_v6b_ABF-0046553,6.59472476627343e-14,Activation
1476,ECH3937_v6b_ABF-0016868,6.70574706873595e-14,Activation
2028,ECH3937_v6b_ABF-0017695,6.88338275267597e-14,Activation
392,ECH3937_v6b_ABF-0015153,6.99440505513849e-14,Repression
1906,ECH3937_v6b_ABF-0017511,7.01660951563099e-14,Activation
4172,ECH3937_v6b_ABF-0020855,7.105427357601e-14,Activation
2242,ECH3937_v6b_ABF-0017988,7.14983627858601e-14,Repression
796,ECH3937_v6b_ABF-0015844,7.54951656745106e-14,Activation
1584,ECH3937_v6b_ABF-0017026,7.54951656745106e-14,Activation
3039,ECH3937_v6b_ABF-0019179,7.66053886991358e-14,Activation
4235,ECH3937_v6b_ABF-0046578,7.7715611723761e-14,Activation
2869,ECH3937_v6b_ABF-0018917,8.03801469828613e-14,Repression
1451,ECH3937_v6b_ABF-0016822,8.08242361927114e-14,Activation
4422,ECH3937_v6b_ABF-0047009,8.37108160567368e-14,Activation
4406,ECH3937_v6b_ABF-0046983,8.43769498715119e-14,Activation
3633,ECH3937_v6b_ABF-0020076,8.4821039081362e-14,Activation
3134,ECH3937_v6b_ABF-0019323,8.65973959207622e-14,Activation
4147,ECH3937_v6b_ABF-0020815,8.74855743404623e-14,Activation
351,ECH3937_v6b_ABF-0015083,8.83737527601625e-14,Activation
4071,ECH3937_v6b_ABF-0020709,9.52571355128384e-14,Activation
1316,ECH3937_v6b_ABF-0016633,9.79216707719388e-14,Activation
1305,ECH3937_v6b_ABF-0016615,1.00808250635964e-13,Activation
4059,ECH3937_v6b_ABF-0020693,1.01474384450739e-13,Activation
4048,ECH3937_v6b_ABF-0020677,1.02140518265514e-13,Activation
30,ECH3937_v6b_ABF-0014541,1.02584607475364e-13,Activation
2751,ECH3937_v6b_ABF-0018740,1.03028696685215e-13,Activation
2154,ECH3937_v6b_ABF-0017865,1.0857981180834e-13,Activation
3163,ECH3937_v6b_ABF-0019370,1.0857981180834e-13,Activation
2652,ECH3937_v6b_ABF-0018593,1.13686837721616e-13,Activation
2910,ECH3937_v6b_ABF-0018980,1.17905685215192e-13,Activation
4305,ECH3937_v6b_ABF-0046765,1.19459997449667e-13,Activation
4149,ECH3937_v6b_ABF-0020819,1.23456800338317e-13,Activation
3520,ECH3937_v6b_ABF-0019920,1.28341781646668e-13,Activation
50,ECH3937_v6b_ABF-0014576,1.29674049276218e-13,Activation
331,ECH3937_v6b_ABF-0015059,1.31450406115619e-13,Activation
4238,ECH3937_v6b_ABF-0046581,1.31450406115619e-13,Activation
900,ECH3937_v6b_ABF-0015986,1.33004718350094e-13,Activation
3702,ECH3937_v6b_ABF-0020178,1.35447209004269e-13,Repression
4078,ECH3937_v6b_ABF-0020721,1.37223565843669e-13,Activation
2632,ECH3937_v6b_ABF-0018558,1.38111744263369e-13,Activation
3340,ECH3937_v6b_ABF-0019619,1.4477308241112e-13,Activation
2177,ECH3937_v6b_ABF-0017899,1.45883305435746e-13,Activation
108,ECH3937_v6b_ABF-0014732,1.48991929904696e-13,Activation
2156,ECH3937_v6b_ABF-0017867,1.50102152929321e-13,Activation
224,ECH3937_v6b_ABF-0014910,1.55875312657372e-13,Activation
1099,ECH3937_v6b_ABF-0016283,1.55875312657372e-13,Activation
3899,ECH3937_v6b_ABF-0020469,1.57207580286922e-13,Activation
1414,ECH3937_v6b_ABF-0016773,1.61426427780498e-13,Activation
1330,ECH3937_v6b_ABF-0016651,1.71640479607049e-13,Activation
536,ECH3937_v6b_ABF-0015473,1.78079773149875e-13,Activation
70,ECH3937_v6b_ABF-0014616,1.86961557346876e-13,Activation
789,ECH3937_v6b_ABF-0015837,1.86961557346876e-13,Activation
1543,ECH3937_v6b_ABF-0016968,1.89848137210902e-13,Activation
4134,ECH3937_v6b_ABF-0020799,1.90070181815827e-13,Activation
1059,ECH3937_v6b_ABF-0016223,1.90958360235527e-13,Activation
3081,ECH3937_v6b_ABF-0019247,1.90958360235527e-13,Activation
3284,ECH3937_v6b_ABF-0019538,1.95399252334028e-13,Activation
2898,ECH3937_v6b_ABF-0018958,1.95621296938953e-13,Activation
647,ECH3937_v6b_ABF-0015633,1.98063787593128e-13,Activation
4459,ECH3937_v6b_ABF-0047080,2.04725125740879e-13,Activation
1806,ECH3937_v6b_ABF-0017349,2.04947170345804e-13,Activation
1725,ECH3937_v6b_ABF-0017240,2.10276240864005e-13,Activation
2171,ECH3937_v6b_ABF-0017889,2.10720330073855e-13,Activation
3409,ECH3937_v6b_ABF-0019739,2.1538326677728e-13,Activation
1423,ECH3937_v6b_ABF-0016785,2.22932783344731e-13,Repression
209,ECH3937_v6b_ABF-0014883,2.34479102800833e-13,Repression
1655,ECH3937_v6b_ABF-0017140,2.36699548850083e-13,Activation
2144,ECH3937_v6b_ABF-0017853,2.39364084109184e-13,Activation
2187,ECH3937_v6b_ABF-0017920,2.4491519923231e-13,Activation
2834,ECH3937_v6b_ABF-0018859,2.50466314355435e-13,Repression
391,ECH3937_v6b_ABF-0015152,2.54907206453936e-13,Repression
1166,ECH3937_v6b_ABF-0016393,2.68896016564213e-13,Activation
2155,ECH3937_v6b_ABF-0017866,2.72004641033163e-13,Activation
2742,ECH3937_v6b_ABF-0018728,2.73336908662714e-13,Activation
2451,ECH3937_v6b_ABF-0018307,2.74003042477489e-13,Activation
2069,ECH3937_v6b_ABF-0017748,2.75335310107039e-13,Activation
1205,ECH3937_v6b_ABF-0016452,2.75779399316889e-13,Activation
2998,ECH3937_v6b_ABF-0019118,2.78665979180914e-13,Activation
1367,ECH3937_v6b_ABF-0016702,2.80442336020315e-13,Activation
2989,ECH3937_v6b_ABF-0019108,2.87325718772991e-13,Activation
2260,ECH3937_v6b_ABF-0018019,2.93098878501041e-13,Activation
1783,ECH3937_v6b_ABF-0017315,2.97095681389692e-13,Activation
4290,ECH3937_v6b_ABF-0046734,2.97983859809392e-13,Activation
1972,ECH3937_v6b_ABF-0017603,3.08197911635943e-13,Activation
3890,ECH3937_v6b_ABF-0020457,3.15303338993544e-13,Activation
4438,ECH3937_v6b_ABF-0047040,3.23074900165921e-13,Activation
3532,ECH3937_v6b_ABF-0019939,3.26849658449646e-13,Activation
1904,ECH3937_v6b_ABF-0017508,3.29070104498896e-13,Activation
842,ECH3937_v6b_ABF-0015903,3.29736238313671e-13,Activation
457,ECH3937_v6b_ABF-0015238,3.29958282918597e-13,Activation
757,ECH3937_v6b_ABF-0015790,3.37063710276198e-13,Activation
2063,ECH3937_v6b_ABF-0017742,3.46389583683049e-13,Activation
3220,ECH3937_v6b_ABF-0019444,3.47277762102749e-13,Activation
453,ECH3937_v6b_ABF-0015234,3.48610029732299e-13,Activation
4435,ECH3937_v6b_ABF-0047032,3.61044527608101e-13,Activation
4300,ECH3937_v6b_ABF-0046753,3.67483821150927e-13,Activation
1666,ECH3937_v6b_ABF-0017156,3.67927910360777e-13,Activation
3043,ECH3937_v6b_ABF-0019187,3.68594044175552e-13,Activation
3955,ECH3937_v6b_ABF-0020545,3.74811293113453e-13,Repression
2531,ECH3937_v6b_ABF-0018424,3.76143560743003e-13,Activation
2681,ECH3937_v6b_ABF-0018639,3.81028542051354e-13,Activation
2788,ECH3937_v6b_ABF-0018791,3.81028542051354e-13,Activation
1055,ECH3937_v6b_ABF-0016219,3.87245790989255e-13,Activation
1016,ECH3937_v6b_ABF-0016156,3.89022147828655e-13,Activation
4347,ECH3937_v6b_ABF-0046880,3.97459842815806e-13,Activation
537,ECH3937_v6b_ABF-0015474,3.97903932025656e-13,Activation
4373,ECH3937_v6b_ABF-0046928,4.00568467284756e-13,Activation
646,ECH3937_v6b_ABF-0015632,4.07229805432507e-13,Activation
3002,ECH3937_v6b_ABF-0019125,4.10116385296533e-13,Activation
4056,ECH3937_v6b_ABF-0020690,4.11892742135933e-13,Activation
4405,ECH3937_v6b_ABF-0046982,4.2810199829546e-13,Activation
2070,ECH3937_v6b_ABF-0017749,4.67181848762266e-13,Activation
865,ECH3937_v6b_ABF-0015929,4.71622740860766e-13,Activation
3006,ECH3937_v6b_ABF-0019133,4.72955008490317e-13,Activation
1470,ECH3937_v6b_ABF-0016856,4.76729766774042e-13,Activation
3138,ECH3937_v6b_ABF-0019329,5.04041253179821e-13,Activation
2137,ECH3937_v6b_ABF-0017842,5.08260100673397e-13,Activation
2033,ECH3937_v6b_ABF-0017702,5.16475751055623e-13,Activation
4051,ECH3937_v6b_ABF-0020681,5.29354338141275e-13,Activation
3099,ECH3937_v6b_ABF-0019271,5.38236122338276e-13,Activation
777,ECH3937_v6b_ABF-0015823,5.38680211548126e-13,Activation
4431,ECH3937_v6b_ABF-0047026,5.42010880622001e-13,Activation
1170,ECH3937_v6b_ABF-0016400,5.44009282066327e-13,Activation
417,ECH3937_v6b_ABF-0015188,5.50226531004228e-13,Activation
4106,ECH3937_v6b_ABF-0020766,5.53557200078103e-13,Activation
2453,ECH3937_v6b_ABF-0018312,5.79536418854332e-13,Activation
3024,ECH3937_v6b_ABF-0019159,5.93747273569534e-13,Activation
2481,ECH3937_v6b_ABF-0018346,5.96855898038484e-13,Activation
1487,ECH3937_v6b_ABF-0016891,5.99964522507435e-13,Activation
704,ECH3937_v6b_ABF-0015706,6.02184968556685e-13,Activation
943,ECH3937_v6b_ABF-0016042,6.17284001691587e-13,Activation
1146,ECH3937_v6b_ABF-0016359,6.19948536950687e-13,Activation
1660,ECH3937_v6b_ABF-0017150,6.21724893790088e-13,Activation
2612,ECH3937_v6b_ABF-0018532,6.22168982999938e-13,Activation
3025,ECH3937_v6b_ABF-0019160,6.23501250629488e-13,Activation
1628,ECH3937_v6b_ABF-0017103,6.27942142727989e-13,Activation
736,ECH3937_v6b_ABF-0015747,6.29274410357539e-13,Activation
4329,ECH3937_v6b_ABF-0046840,6.53255227689442e-13,Activation
1630,ECH3937_v6b_ABF-0017106,6.67021993194794e-13,Activation
406,ECH3937_v6b_ABF-0015173,6.68132216219419e-13,Repression
62,ECH3937_v6b_ABF-0014597,6.70130617663744e-13,Activation
2435,ECH3937_v6b_ABF-0018272,6.7257310831792e-13,Activation
882,ECH3937_v6b_ABF-0015953,6.75903777391795e-13,Activation
2908,ECH3937_v6b_ABF-0018976,6.80344669490296e-13,Activation
4075,ECH3937_v6b_ABF-0020718,6.83453293959246e-13,Activation
2618,ECH3937_v6b_ABF-0018540,6.86117829218347e-13,Activation
3046,ECH3937_v6b_ABF-0019190,6.96998014859673e-13,Activation
4016,ECH3937_v6b_ABF-0020625,7.13873404833976e-13,Activation
3154,ECH3937_v6b_ABF-0019357,7.47846229387505e-13,Activation
324,ECH3937_v6b_ABF-0015050,7.59614593448532e-13,Activation
3730,ECH3937_v6b_ABF-0020222,7.63389351732258e-13,Activation
2143,ECH3937_v6b_ABF-0017852,7.63833440942108e-13,Activation
3047,ECH3937_v6b_ABF-0019191,8.00248756149813e-13,Activation
2165,ECH3937_v6b_ABF-0017880,8.10906897186214e-13,Activation
3841,ECH3937_v6b_ABF-0020389,8.1779027993889e-13,Activation
4454,ECH3937_v6b_ABF-0047068,8.35331803727968e-13,Activation
742,ECH3937_v6b_ABF-0015754,8.39772695826468e-13,Activation
690,ECH3937_v6b_ABF-0015686,8.5220719370227e-13,Activation
3608,ECH3937_v6b_ABF-0020041,8.5265128291212e-13,Activation
1762,ECH3937_v6b_ABF-0017285,8.53317416726895e-13,Activation
4050,ECH3937_v6b_ABF-0020680,8.87734330490275e-13,Activation
2135,ECH3937_v6b_ABF-0017839,8.96616114687276e-13,Activation
365,ECH3937_v6b_ABF-0015108,9.18154441365004e-13,Activation
3744,ECH3937_v6b_ABF-0020238,9.19930798204405e-13,Activation
2966,ECH3937_v6b_ABF-0019071,9.2237328885858e-13,Activation
3539,ECH3937_v6b_ABF-0019947,9.36584143573782e-13,Activation
785,ECH3937_v6b_ABF-0015833,9.39692768042732e-13,Activation
2446,ECH3937_v6b_ABF-0018300,9.57900425646585e-13,Activation
3694,ECH3937_v6b_ABF-0020166,9.60120871695835e-13,Activation
852,ECH3937_v6b_ABF-0015914,9.65449942214036e-13,Activation
825,ECH3937_v6b_ABF-0015883,9.70112878917462e-13,Activation
2572,ECH3937_v6b_ABF-0018482,9.75663994040588e-13,Activation
4351,ECH3937_v6b_ABF-0046888,9.9520391927399e-13,Activation
4082,ECH3937_v6b_ABF-0020726,1.01363362148277e-12,Activation
4245,ECH3937_v6b_ABF-0046641,1.02184927186499e-12,Activation
1352,ECH3937_v6b_ABF-0016684,1.0298428776423e-12,Activation
2019,ECH3937_v6b_ABF-0017679,1.07003295113373e-12,Activation
1262,ECH3937_v6b_ABF-0016546,1.07736042309625e-12,Repression
3556,ECH3937_v6b_ABF-0019972,1.10866871239068e-12,Activation
2815,ECH3937_v6b_ABF-0018837,1.12310161171081e-12,Activation
521,ECH3937_v6b_ABF-0015455,1.12776454841423e-12,Activation
2043,ECH3937_v6b_ABF-0017716,1.13198339590781e-12,Repression
2877,ECH3937_v6b_ABF-0018929,1.13331566353736e-12,Activation
1916,ECH3937_v6b_ABF-0017525,1.15374376719046e-12,Activation
1900,ECH3937_v6b_ABF-0017502,1.15596421323971e-12,Activation
2673,ECH3937_v6b_ABF-0018629,1.17239551400417e-12,Activation
3416,ECH3937_v6b_ABF-0019755,1.18860477016369e-12,Activation
3090,ECH3937_v6b_ABF-0019261,1.19437792989174e-12,Activation
3712,ECH3937_v6b_ABF-0020196,1.19504406370652e-12,Activation
1707,ECH3937_v6b_ABF-0017216,1.19859677738532e-12,Activation
2184,ECH3937_v6b_ABF-0017916,1.23634436022257e-12,Activation
3222,ECH3937_v6b_ABF-0019446,1.23678844943242e-12,Activation
3726,ECH3937_v6b_ABF-0020216,1.24122934153093e-12,Activation
4357,ECH3937_v6b_ABF-0046897,1.27631238910908e-12,Activation
2454,ECH3937_v6b_ABF-0018314,1.28985711000951e-12,Activation
4255,ECH3937_v6b_ABF-0046657,1.31183952589708e-12,Activation
153,ECH3937_v6b_ABF-0014798,1.32027722088424e-12,Activation
4350,ECH3937_v6b_ABF-0046885,1.32582833600736e-12,Activation
567,ECH3937_v6b_ABF-0015519,1.32915900508124e-12,Activation
519,ECH3937_v6b_ABF-0015453,1.34203759216689e-12,Activation
2040,ECH3937_v6b_ABF-0017713,1.36468614186924e-12,Activation
1635,ECH3937_v6b_ABF-0017112,1.37889699658444e-12,Activation
976,ECH3937_v6b_ABF-0016093,1.38444811170757e-12,Activation
731,ECH3937_v6b_ABF-0015740,1.40931710745917e-12,Activation
3521,ECH3937_v6b_ABF-0019921,1.42219569454483e-12,Activation
772,ECH3937_v6b_ABF-0015813,1.44284584280285e-12,Activation
3715,ECH3937_v6b_ABF-0020199,1.45083944858015e-12,Activation
2521,ECH3937_v6b_ABF-0018407,1.45838896514761e-12,Activation
3147,ECH3937_v6b_ABF-0019347,1.46593848171506e-12,Activation
248,ECH3937_v6b_ABF-0014942,1.47881706880071e-12,Repression
2109,ECH3937_v6b_ABF-0017803,1.49080747746666e-12,Activation
902,ECH3937_v6b_ABF-0015989,1.49702472640456e-12,Activation
3038,ECH3937_v6b_ABF-0019178,1.50723877823111e-12,Activation
3933,ECH3937_v6b_ABF-0020518,1.56052948341312e-12,Activation
4204,ECH3937_v6b_ABF-0046538,1.5611956172279e-12,Activation
4083,ECH3937_v6b_ABF-0020727,1.56186175104267e-12,Activation
2362,ECH3937_v6b_ABF-0018165,1.56319401867222e-12,Activation
911,ECH3937_v6b_ABF-0016000,1.5665246877461e-12,Activation
644,ECH3937_v6b_ABF-0015630,1.56719082156087e-12,Activation
4359,ECH3937_v6b_ABF-0046899,1.66933133982639e-12,Activation
4444,ECH3937_v6b_ABF-0047050,1.67643676718399e-12,Activation
913,ECH3937_v6b_ABF-0016002,1.68176583770219e-12,Activation
3135,ECH3937_v6b_ABF-0019325,1.68665081901054e-12,Activation
2361,ECH3937_v6b_ABF-0018164,1.68842717584994e-12,Activation
4402,ECH3937_v6b_ABF-0046979,1.72972747236599e-12,Activation
1191,ECH3937_v6b_ABF-0016426,1.7457146839206e-12,Activation
229,ECH3937_v6b_ABF-0014916,1.7466028623403e-12,Activation
3727,ECH3937_v6b_ABF-0020217,1.75859327100625e-12,Activation
2082,ECH3937_v6b_ABF-0017769,1.7883472480662e-12,Activation
2801,ECH3937_v6b_ABF-0018813,1.85851334322251e-12,Activation
2108,ECH3937_v6b_ABF-0017802,1.86961557346876e-12,Activation
2694,ECH3937_v6b_ABF-0018655,1.87894144687561e-12,Activation
1438,ECH3937_v6b_ABF-0016807,1.88471460660367e-12,Activation
4468,ECH3937_v6b_ABF-0047091,1.92956761679852e-12,Activation
1992,ECH3937_v6b_ABF-0017631,1.99618099827603e-12,Activation
2560,ECH3937_v6b_ABF-0018459,2.01216820983063e-12,Activation
3579,ECH3937_v6b_ABF-0020000,2.02926564440986e-12,Activation
743,ECH3937_v6b_ABF-0015765,2.03215222427389e-12,Activation
1631,ECH3937_v6b_ABF-0017107,2.03570493795269e-12,Activation
1172,ECH3937_v6b_ABF-0016402,2.03614902716254e-12,Activation
1737,ECH3937_v6b_ABF-0017252,2.03792538400194e-12,Activation
3000,ECH3937_v6b_ABF-0019122,2.07567296683919e-12,Activation
1051,ECH3937_v6b_ABF-0016213,2.14339657134133e-12,Activation
657,ECH3937_v6b_ABF-0015644,2.15161222172355e-12,Activation
1030,ECH3937_v6b_ABF-0016184,2.1520563109334e-12,Activation
4133,ECH3937_v6b_ABF-0020798,2.18447482325246e-12,Activation
3749,ECH3937_v6b_ABF-0020247,2.21378471110256e-12,Activation
2946,ECH3937_v6b_ABF-0019035,2.22089013846016e-12,Activation
2176,ECH3937_v6b_ABF-0017898,2.25108820472997e-12,Activation
3254,ECH3937_v6b_ABF-0019494,2.25974794432204e-12,Activation
3577,ECH3937_v6b_ABF-0019998,2.28705943072782e-12,Activation
822,ECH3937_v6b_ABF-0015880,2.30571117754153e-12,Activation
4307,ECH3937_v6b_ABF-0046768,2.32036612146658e-12,Activation
1820,ECH3937_v6b_ABF-0017375,2.34878783089698e-12,Activation
3835,ECH3937_v6b_ABF-0020379,2.35456099062503e-12,Activation
1331,ECH3937_v6b_ABF-0016652,2.37410091585843e-12,Activation
2957,ECH3937_v6b_ABF-0019058,2.37410091585843e-12,Repression
3238,ECH3937_v6b_ABF-0019471,2.37676545111754e-12,Activation
1300,ECH3937_v6b_ABF-0016606,2.39031017201796e-12,Activation
797,ECH3937_v6b_ABF-0015847,2.39763764398049e-12,Activation
4382,ECH3937_v6b_ABF-0046942,2.39941400081989e-12,Activation
2674,ECH3937_v6b_ABF-0018630,2.39985809002974e-12,Activation
1970,ECH3937_v6b_ABF-0017601,2.42428299657149e-12,Activation
2172,ECH3937_v6b_ABF-0017890,2.44781972469355e-12,Activation
4440,ECH3937_v6b_ABF-0047046,2.46824782834665e-12,Activation
2634,ECH3937_v6b_ABF-0018561,2.4811264154323e-12,Activation
3376,ECH3937_v6b_ABF-0019685,2.50000020685093e-12,Activation
962,ECH3937_v6b_ABF-0016070,2.50377496513465e-12,Activation
1814,ECH3937_v6b_ABF-0017361,2.52353693497298e-12,Activation
2059,ECH3937_v6b_ABF-0017737,2.53752574508326e-12,Activation
1314,ECH3937_v6b_ABF-0016631,2.54973819835413e-12,Activation
4100,ECH3937_v6b_ABF-0020757,2.58371102290766e-12,Activation
1729,ECH3937_v6b_ABF-0017244,2.62145860574492e-12,Activation
838,ECH3937_v6b_ABF-0015899,2.6283419884976e-12,Activation
2667,ECH3937_v6b_ABF-0018614,2.65520938569352e-12,Activation
3369,ECH3937_v6b_ABF-0019673,2.66409116989053e-12,Activation
2778,ECH3937_v6b_ABF-0018775,2.70095057430808e-12,Activation
4247,ECH3937_v6b_ABF-0046643,2.75468536869994e-12,Activation
1268,ECH3937_v6b_ABF-0016554,2.8199664825479e-12,Activation
4148,ECH3937_v6b_ABF-0020816,2.82063261636267e-12,Activation
776,ECH3937_v6b_ABF-0015821,2.82729395451042e-12,Activation
2552,ECH3937_v6b_ABF-0018451,2.8395064077813e-12,Activation
4424,ECH3937_v6b_ABF-0047012,2.85149681644725e-12,Activation
1329,ECH3937_v6b_ABF-0016649,2.8599345114344e-12,Activation
3908,ECH3937_v6b_ABF-0020482,2.88502555179093e-12,Repression
86,ECH3937_v6b_ABF-0014654,2.92788016054146e-12,Activation
2976,ECH3937_v6b_ABF-0019085,2.94986257642904e-12,Activation
2683,ECH3937_v6b_ABF-0018641,2.96096480667529e-12,Activation
2145,ECH3937_v6b_ABF-0017854,3.06266123573096e-12,Activation
99,ECH3937_v6b_ABF-0014690,3.06599190480483e-12,Activation
2642,ECH3937_v6b_ABF-0018572,3.07798231347078e-12,Activation
1668,ECH3937_v6b_ABF-0017158,3.09041681134659e-12,Activation
1035,ECH3937_v6b_ABF-0016190,3.15214521151574e-12,Activation
3098,ECH3937_v6b_ABF-0019270,3.16635606623095e-12,Activation
3449,ECH3937_v6b_ABF-0019811,3.2183145037834e-12,Activation
1150,ECH3937_v6b_ABF-0016364,3.22852855560996e-12,Activation
1180,ECH3937_v6b_ABF-0016412,3.26938476291616e-12,Activation
2863,ECH3937_v6b_ABF-0018908,3.28181926079196e-12,Activation
3576,ECH3937_v6b_ABF-0019997,3.33666427820845e-12,Activation
1706,ECH3937_v6b_ABF-0017215,3.34021699188725e-12,Activation
1907,ECH3937_v6b_ABF-0017512,3.39150929562493e-12,Activation
2342,ECH3937_v6b_ABF-0018129,3.39461792009388e-12,Activation
183,ECH3937_v6b_ABF-0014843,3.42259554031443e-12,Activation
360,ECH3937_v6b_ABF-0015096,3.45079520513991e-12,Activation
2999,ECH3937_v6b_ABF-0019121,3.46611628287974e-12,Activation
2649,ECH3937_v6b_ABF-0018589,3.50630635637117e-12,Activation
4448,ECH3937_v6b_ABF-0047054,3.5154101851731e-12,Activation
2388,ECH3937_v6b_ABF-0018204,3.5242919693701e-12,Activation
4371,ECH3937_v6b_ABF-0046926,3.5242919693701e-12,Activation
3421,ECH3937_v6b_ABF-0019761,3.52540219239472e-12,Activation
29,ECH3937_v6b_ABF-0014540,3.52762263844397e-12,Activation
1338,ECH3937_v6b_ABF-0016662,3.54227758236902e-12,Activation
2047,ECH3937_v6b_ABF-0017720,3.54538620683797e-12,Repression
4455,ECH3937_v6b_ABF-0047073,3.5473846082823e-12,Activation
1369,ECH3937_v6b_ABF-0016707,3.57691654073733e-12,Activation
4413,ECH3937_v6b_ABF-0046994,3.60755869621698e-12,Activation
3486,ECH3937_v6b_ABF-0019870,3.64819285891826e-12,Activation
3221,ECH3937_v6b_ABF-0019445,3.65441010785617e-12,Activation
3109,ECH3937_v6b_ABF-0019287,3.67417207769449e-12,Activation
927,ECH3937_v6b_ABF-0016022,3.74722475271483e-12,Activation
212,ECH3937_v6b_ABF-0014888,3.80406817157564e-12,Repression
462,ECH3937_v6b_ABF-0015244,3.81561449103174e-12,Activation
4196,ECH3937_v6b_ABF-0046526,3.9261927042844e-12,Activation
4070,ECH3937_v6b_ABF-0020708,3.92930132875335e-12,Activation
2166,ECH3937_v6b_ABF-0017881,3.94129173741931e-12,Activation
1545,ECH3937_v6b_ABF-0016970,3.96260801949211e-12,Activation
4315,ECH3937_v6b_ABF-0046794,4.02033961677262e-12,Activation
1131,ECH3937_v6b_ABF-0016335,4.04898337080795e-12,Activation
4457,ECH3937_v6b_ABF-0047078,4.07940348168268e-12,Activation
2779,ECH3937_v6b_ABF-0018776,4.12470058108738e-12,Activation
3337,ECH3937_v6b_ABF-0019616,4.18620693665162e-12,Activation
3773,ECH3937_v6b_ABF-0020288,4.19153600716982e-12,Activation
1188,ECH3937_v6b_ABF-0016423,4.23461266052527e-12,Activation
3263,ECH3937_v6b_ABF-0019507,4.30566693410128e-12,Repression
4291,ECH3937_v6b_ABF-0046736,4.31565894132291e-12,Activation
3050,ECH3937_v6b_ABF-0019194,4.33186819748244e-12,Activation
4293,ECH3937_v6b_ABF-0046738,4.37028191413447e-12,Activation
456,ECH3937_v6b_ABF-0015237,4.47952785975758e-12,Activation
1733,ECH3937_v6b_ABF-0017248,4.55702142687642e-12,Activation
916,ECH3937_v6b_ABF-0016005,4.57212046001132e-12,Activation
1311,ECH3937_v6b_ABF-0016626,4.60320670470082e-12,Activation
1731,ECH3937_v6b_ABF-0017246,4.6367354400445e-12,Activation
1342,ECH3937_v6b_ABF-0016670,4.67137439841281e-12,Activation
1869,ECH3937_v6b_ABF-0017456,4.70046224165799e-12,Activation
1075,ECH3937_v6b_ABF-0016244,4.78994621744278e-12,Activation
440,ECH3937_v6b_ABF-0015216,4.79305484191173e-12,Activation
3420,ECH3937_v6b_ABF-0019759,4.87898610401771e-12,Activation
2161,ECH3937_v6b_ABF-0017876,4.90296692134962e-12,Activation
2940,ECH3937_v6b_ABF-0019027,4.92006435592884e-12,Activation
1721,ECH3937_v6b_ABF-0017233,5.02264896340421e-12,Activation
2269,ECH3937_v6b_ABF-0018030,5.03619368430464e-12,Activation
533,ECH3937_v6b_ABF-0015468,5.04796204836566e-12,Activation
53,ECH3937_v6b_ABF-0014579,5.05062658362476e-12,Activation
2589,ECH3937_v6b_ABF-0018501,5.06483743833996e-12,Activation
1346,ECH3937_v6b_ABF-0016675,5.13389331047165e-12,Activation
1364,ECH3937_v6b_ABF-0016698,5.13566966731105e-12,Activation
1333,ECH3937_v6b_ABF-0016655,5.14344122848343e-12,Activation
31,ECH3937_v6b_ABF-0014543,5.18562970341918e-12,Activation
2636,ECH3937_v6b_ABF-0018564,5.36726219024786e-12,Activation
